,categories
0,3dprinting
1,abruzzese
2,absinthebars
3,acaibowls
4,accessories
5,accountants
6,acnetreatment
7,active
8,acupuncture
9,addictionmedicine
10,adoptionservices
11,adult
12,adultedu
13,adultentertainment
14,advertising
15,aerialfitness
16,aerialtours
17,aestheticians
18,afghani
19,african
20,afrobrazilian
21,agriturismi
22,aircraftdealers
23,aircraftrepairs
24,airductcleaning
25,airlines
26,airport_shuttles
27,airportlounges
28,airports
29,airportterminals
30,airsoft
31,alentejo
32,algarve
33,allergist
34,alsatian
35,alternativemedicine
36,altoatesine
37,amateursportsteams
38,amusementparks
39,andalusian
40,anesthesiologists
41,animalassistedtherapy
42,animalholistic
43,animalphysicaltherapy
44,animalshelters
45,antiques
46,apartmentagents
47,apartments
48,appliances
49,appraisalservices
50,apulian
51,aquariums
52,aquariumservices
53,arabian
54,arabpizza
55,arcades
56,archery
57,architects
58,architecturaltours
59,argentine
60,armenian
61,arroceria_paella
62,artclasses
63,artconsultants
64,artificialturf
65,artinstallation
66,artmuseums
67,artrestoration
68,arts
69,artsandcrafts
70,artschools
71,artspacerentals
72,artsupplies
73,arttours
74,asianfusion
75,assistedliving
76,astrologers
77,asturian
78,ateliers
79,attractionfarms
80,atvrentals
81,auctionhouses
82,audiologist
83,audiovisualequipmentrental
84,australian
85,austrian
86,authorized_postal_representative
87,auto
88,auto_detailing
89,autocustomization
90,autodamageassessment
91,autoelectric
92,autoglass
93,autoinsurance
94,autoloanproviders
95,autopartssupplies
96,autorepair
97,autosecurity
98,autoupholstery
99,auvergnat
100,aviationservices
101,awnings
102,axethrowing
103,ayurveda
104,azores
105,baby_gear
106,backflowservices
107,backshop
108,baden
109,badminton
110,bagels
111,baguettes
112,bailbondsmen
113,bakeries
114,balloonservices
115,bangladeshi
116,bankruptcy
117,banks
118,barbers
119,barcrawl
120,barreclasses
121,bars
122,bartenders
123,bartendingschools
124,baseballfields
125,basketballcourts
126,basque
127,bathing_area
128,batterystores
129,battingcages
130,bavarian
131,bbq
132,beachbars
133,beachequipmentrental
134,beaches
135,beachvolleyball
136,beautysvc
137,bedbreakfast
138,beer_and_wine
139,beerbar
140,beergarden
141,beergardens
142,beerhall
143,beertours
144,behavioranalysts
145,beira
146,beisl
147,belgian
148,bento
149,berrichon
150,bespoke
151,bettingcenters
152,beverage_stores
153,bicyclepaths
154,bicycles
155,bike_repair_maintenance
156,bikeassociations
157,bikeparking
158,bikerentals
159,bikerepair
160,bikes
161,bikesharing
162,bikeshop
163,biketours
164,billingservices
165,bingo
166,biohazardcleanup
167,birdshops
168,bistros
169,blacksea
170,blinds
171,blooddonation
172,blowfish
173,blowoutservices
174,boatcharters
175,boatdealers
176,boating
177,boatpartsandsupplies
178,boatrepair
179,boattours
180,bobsledding
181,bocceball
182,bodycontouring
183,bodyshops
184,bookbinding
185,bookkeepers
186,bookstores
187,bootcamps
188,boudoirphotography
189,bouncehouserentals
190,bourguignon
191,bowling
192,boxing
193,brasseries
194,brazilian
195,brazilianempanadas
196,brazilianjiujitsu
197,breakfast_brunch
198,breweries
199,brewingsupplies
200,brewpubs
201,bridal
202,british
203,bubblesoccer
204,bubbletea
205,buddhist_temples
206,buffets
207,buildingsupplies
208,bulgarian
209,bulkbilling
210,bungeejumping
211,burgers
212,burmese
213,buses
214,businessconsulting
215,businessfinancing
216,businesslawyers
217,busrental
218,busstations
219,bustours
220,butcher
221,c_and_mh
222,cabaret
223,cabinetry
224,cablecars
225,cafes
226,cafeteria
227,cajun
228,cakeshop
229,calabrian
230,calligraphy
231,cambodian
232,campgrounds
233,candlestores
234,candy
235,cannabis_clinics
236,cannabiscollective
237,cannabisdispensaries
238,cannabisreferrals
239,cannabistours
240,canteen
241,cantonese
242,canyoneering
243,car_dealers
244,carauctions
245,carbrokers
246,carbuyers
247,cardioclasses
248,cardiology
249,careercounseling
250,caribbean
251,caricatures
252,carousels
253,carpenters
254,carpet_cleaning
255,carpetdyeing
256,carpeting
257,carpetinstallation
258,carrental
259,carshares
260,carwash
261,carwindowtinting
262,casinos
263,castles
264,catalan
265,catering
266,cellphoneaccessories
267,centralbrazilian
268,ceremonialclothing
269,challengecourses
270,champagne_bars
271,chech
272,cheekufta
273,cheerleading
274,cheese
275,cheesesteaks
276,cheesetastingclasses
277,chicken_wings
278,chickenshop
279,childbirthedu
280,childcare
281,childcloth
282,childproofing
283,childrensmuseums
284,chilean
285,chimneycakes
286,chimneysweeps
287,chinese
288,chinesebazaar
289,chinesemartialarts
290,chiropractors
291,chocolate
292,choirs
293,christmastrees
294,churches
295,churros
296,cideries
297,cigarbars
298,circuittraininggyms
299,circusschools
300,civiccenter
301,climbing
302,clockrepair
303,clothingrental
304,clowns
305,clubcrawl
306,cocktailbars
307,coffee
308,coffeeroasteries
309,coffeeshops
310,coffeeteasupplies
311,collegecounseling
312,collegeuniv
313,colombian
314,colonics
315,comedyclubs
316,comfortfood
317,comicbooks
318,commercialrealestate
319,commissionedartists
320,communitybookbox
321,communitycenters
322,communitygardens
323,computers
324,concept_shops
325,conciergemedicine
326,condominiums
327,congee
328,consumerlaw
329,contractlaw
330,contractors
331,convenience
332,conveyorsushi
333,cookingclasses
334,cookingschools
335,copyshops
336,corsican
337,cosmeticdentists
338,cosmetics
339,cosmeticsurgeons
340,cosmetology_schools
341,costumes
342,countertopinstall
343,countryclubs
344,countrydancehalls
345,couriers
346,courthouses
347,courtreporters
348,cprclasses
349,craneservices
350,cremationservices
351,creperies
352,criminaldefense
353,crisispregnancycenters
354,cryotherapy
355,csa
356,cuban
357,cucinacampana
358,culturalcenter
359,cupcakes
360,currencyexchange
361,currysausage
362,customcakes
363,custommerchandise
364,customsbrokers
365,cyclingclasses
366,cypriot
367,czech
368,czechslovakian
369,dagashi
370,damagerestoration
371,dance_schools
372,danceclubs
373,dancerestaurants
374,dancestudio
375,dancewear
376,danish
377,dartarenas
378,datarecovery
379,daycamps
380,debtrelief
381,decksrailing
382,delicatessen
383,delis
384,demolitionservices
385,dentalhygeiniststorefront
386,dentalhygienists
387,dentalhygienistsmobile
388,dentists
389,departmentsofmotorvehicles
390,deptstores
391,dermatology
392,desserts
393,diagnosticimaging
394,diagnosticservices
395,dialysisclinics
396,diamondbuyers
397,dietitians
398,digitizingservices
399,dimsum
400,diners
401,dinnertheater
402,disabilitylaw
403,discgolf
404,discountstore
405,distilleries
406,divebars
407,diveshops
408,diving
409,divorce
410,diyautoshop
411,diyfood
412,djs
413,dog_parks
414,dogwalkers
415,dolmusstation
416,dominican
417,donairs
418,donationcenter
419,donburi
420,donuts
421,doorsales
422,doulas
423,dramaschools
424,driedfruit
425,driveintheater
426,drivethrubars
427,driving_schools
428,drones
429,drugstores
430,dryclean
431,drycleaninglaundry
432,drywall
433,duilawyers
434,duischools
435,dumplings
436,dumpsterrental
437,duplicationservices
438,dutyfreeshops
439,earnosethroat
440,eastern_european
441,easterngerman
442,easternmexican
443,eatertainment
444,editorialservices
445,education
446,educationservices
447,egyptian
448,eldercareplanning
449,elderlaw
450,electricians
451,electricitysuppliers
452,electronics
453,electronicsrepair
454,elementaryschools
455,elevatorservices
456,eltern_cafes
457,embassy
458,embroideryandcrochet
459,emergencymedicine
460,emergencypethospital
461,emergencyrooms
462,emilian
463,empanadas
464,employmentagencies
465,employmentlawyers
466,emstraining
467,endocrinologists
468,endodontists
469,engraving
470,entertainmentlaw
471,enviroabatement
472,environmentaltesting
473,eritrean
474,eroticmassage
475,escapegames
476,estateliquidation
477,estatephotography
478,estateplanning
479,estheticians
480,ethicgrocery
481,ethiopian
482,ethnicgrocery
483,ethnicmarkets
484,evchargingstations
485,eventphotography
486,eventplanning
487,eventservices
488,excavationservices
489,experiences
490,eyebrowservices
491,eyelashservice
492,fabricstores
493,facepainting
494,fado_houses
495,faithbasedcpc
496,falafel
497,familydr
498,farmequipmentrepair
499,farmersmarket
500,farmingequipment
501,farms
502,farriers
503,fashion
504,fasil
505,fencesgates
506,fencing
507,fengshui
508,ferries
509,fertility
510,festivals
511,filipino
512,financialadvising
513,financialservices
514,fingerprinting
515,firearmtraining
516,firedepartments
517,fireplace
518,fireprotection
519,firewood
520,fireworks
521,firstaidclasses
522,fischbroetchen
523,fishing
524,fishmonger
525,fishnchips
526,fitness
527,fitnessequipment
528,flatbread
529,fleamarkets
530,flemish
531,flightinstruction
532,floatspa
533,flooring
534,floraldesigners
535,florists
536,flowers
537,flowersonly
538,flyboarding
539,fondue
540,food
541,food_court
542,foodbanks
543,fooddeliveryservices
544,foodsafety
545,foodstands
546,foodtours
547,foodtrucks
548,football
549,footcare
550,forestry
551,formalwear
552,foundationrepair
553,framing
554,franconian
555,freediving
556,freiduria
557,french
558,friterie
559,friulan
560,frozenfood
561,fueldocks
562,funeralservices
563,funfair
564,furclothing
565,furniture
566,furnitureassembly
567,furniturerepair
568,fuzhou
569,galician
570,galleries
571,gamemeat
572,gametruckrental
573,garage_door_services
574,gardeners
575,gardening
576,gardens
577,gasstations
578,gastroenterologist
579,gastropubs
580,gaybars
581,gelato
582,gemstonesandminerals
583,general_litigation
584,generaldentistry
585,generalfestivals
586,generatorinstallrepair
587,geneticists
588,georgian
589,german
590,gerontologist
591,gestorias
592,giblets
593,giftshops
594,glassandmirrors
595,glassblowing
596,gliding
597,gluhwein
598,gluten_free
599,gokarts
600,goldbuyers
601,golf
602,golfcartdealers
603,golfcartrentals
604,golfequipment
605,golflessons
606,golfshops
607,gourmet
608,gozleme
609,graphicdesign
610,greek
611,grillingequipment
612,grillservices
613,grocery
614,groomer
615,groutservices
616,guamanian
617,guesthouses
618,guitarstores
619,gun_ranges
620,guns_and_ammo
621,gunsmith
622,gutterservices
623,gymnastics
624,gyms
625,gyudon
626,habilitativeservices
627,hainan
628,hair
629,hair_extensions
630,hairloss
631,hairremoval
632,hairstylists
633,haitian
634,hakka
635,halal
636,halfwayhouses
637,halotherapy
638,handball
639,handrolls
640,handyman
641,hanggliding
642,hardware
643,hats
644,hauntedhouses
645,hawaiian
646,hawkercentre
647,hazardouswastedisposal
648,headshops
649,health
650,healthcoach
651,healthinsurance
652,healthmarkets
653,healthretreats
654,healthtrainers
655,hearing_aids
656,hearingaidproviders
657,henghwa
658,hennaartists
659,hepatologists
660,herbalshops
661,herbsandspices
662,hessian
663,heuriger
664,hifi
665,highschools
666,hiking
667,himalayan
668,hindu_temples
669,historicaltours
670,hkcafe
671,hobbyshops
672,hockeyequipment
673,hokkien
674,holidaydecorations
675,home_inspectors
676,home_organization
677,homeandgarden
678,homeappliancerepair
679,homeautomation
680,homecleaning
681,homedecor
682,homedevelopers
683,homeenergyauditors
684,homehealthcare
685,homeinsurance
686,homelessshelters
687,homemadefood
688,homenetworkinstall
689,homeopathic
690,homeownerassociation
691,homeservices
692,homestaging
693,hometheatreinstallation
694,homewindowtinting
695,honduran
696,honey
697,hookah_bars
698,horse_boarding
699,horsebackriding
700,horsequipment
701,horseracing
702,horumon
703,hospice
704,hospitalists
705,hospitals
706,hostels
707,hot_air_balloons
708,hotdog
709,hotdogs
710,hotel_bar
711,hotels
712,hotelstravel
713,hotpot
714,hotsprings
715,hottubandpool
716,housesitters
717,housingcooperatives
718,hunan
719,hungarian
720,huntingfishingsupplies
721,hvac
722,hybridcarrepair
723,hydrojetting
724,hydroponics
725,hydrotherapy
726,hypnosis
727,iberian
728,icecream
729,icedelivery
730,immigrationlawyers
731,immunodermatologists
732,importedfood
733,indonesian
734,indoor_playcenter
735,indoorlandscaping
736,indpak
737,infectiousdisease
738,installmentloans
739,insulationinstallation
740,insurance
741,interiordesign
742,interlocksystems
743,internalmed
744,international
745,internetbooth
746,internetcafe
747,intervaltraininggyms
748,intlgrocery
749,investing
750,iplaw
751,irish
752,irish_pubs
753,irrigation
754,island_pub
755,isps
756,israeli
757,italian
758,itservices
759,ivhydration
760,izakaya
761,jailsandprisons
762,jaliscan
763,japacurry
764,japanese
765,jazzandblues
766,jetskis
767,jewelry
768,jewelryrepair
769,jewish
770,jpsweets
771,juicebars
772,junkremovalandhauling
773,junkyards
774,kaiseki
775,karaoke
776,karaokerental
777,karate
778,kebab
779,kickboxing
780,kids_activities
781,kidshairsalons
782,kimonos
783,kiosk
784,kitchenandbath
785,kitchenincubators
786,kitchensupplies
787,kiteboarding
788,knifesharpening
789,knittingsupplies
790,kombucha
791,kopitiam
792,korean
793,kosher
794,kurdish
795,kushikatsu
796,laboratorytesting
797,lactationservices
798,lahmacun
799,lakes
800,lancenters
801,landmarks
802,landscapearchitects
803,landscaping
804,landsurveying
805,language_schools
806,laos
807,laotian
808,laser_hair_removal
809,laserlasikeyes
810,lasertag
811,latin
812,laundromat
813,laundryservices
814,lawn_bowling
815,lawnservices
816,lawyers
817,leather
818,lebanese
819,legalservices
820,leisure_centers
821,libraries
822,liceservices
823,lifecoach
824,lifeinsurance
825,lighting
826,lightingstores
827,ligurian
828,limos
829,linens
830,lingerie
831,livestocksupply
832,localfishstores
833,localflavor
834,localservices
835,locksmiths
836,lounges
837,luggage
838,luggagestorage
839,lumbard
840,lyonnais
841,macarons
842,machinerental
843,machineshops
844,madeira
845,magicians
846,mags
847,mahjong
848,mailboxcenters
849,makerspaces
850,makeupartists
851,malaysian
852,mamak
853,marchingbands
854,marinas
855,marketing
856,markets
857,marketstalls
858,martialarts
859,masonry_concrete
860,massage
861,massage_schools
862,massage_therapy
863,massmedia
864,matchmakers
865,materialeelettrico
866,maternity
867,mattresses
868,mauritius
869,meaderies
870,meatballs
871,meats
872,medcenters
873,media
874,mediators
875,medicalfoot
876,medicallaw
877,medicalspa
878,medicalsupplies
879,medicaltransportation
880,meditationcenters
881,mediterranean
882,memorycare
883,menscloth
884,menshair
885,metaldetectorservices
886,metalfabricators
887,metrostations
888,mexican
889,mideastern
890,midwives
891,militarysurplus
892,milkbars
893,milkshakebars
894,minho
895,mini_golf
896,mistingsystemservices
897,mobile_home_repair
898,mobiledentrepair
899,mobilehomes
900,mobileparks
901,mobilephonerepair
902,mobilephones
903,mobilityequipment
904,modern_australian
905,modern_european
906,mohels
907,mongolian
908,montessori
909,moroccan
910,mortgagebrokers
911,mortgagelenders
912,mortuaryservices
913,mosques
914,motodealers
915,motorcycle_rental
916,motorcycledealers
917,motorcyclepartsandsupplies
918,motorcyclerepair
919,motorcyclinggear
920,motorepairs
921,mountainbiking
922,mountainhuts
923,movers
924,movietheaters
925,muaythai
926,municipality
927,museums
928,musicalinstrumentsandteachers
929,musicians
930,musicinstrumentservices
931,musicproduction
932,musicvenues
933,musicvideo
934,mystics
935,nailtechnicians
936,nannys
937,napoletana
938,nasilemak
939,naturalgassuppliers
940,naturopathic
941,nephrologists
942,neurologist
943,neuropathologists
944,neurotologists
945,newamerican
946,newcanadian
947,newmexican
948,newzealand
949,nicaraguan
950,nicois
951,nightfood
952,nightlife
953,nikkei
954,nonprofit
955,noodles
956,norcinerie
957,northeasternbrazilian
958,northernbrazilian
959,northerngerman
960,northernmexican
961,norwegian
962,notaries
963,nudist
964,nursepractitioner
965,nursingschools
966,nutritionists
967,nyonya
968,oaxacan
969,obgyn
970,observatories
971,occupationaltherapy
972,oden
973,officecleaning
974,officeequipment
975,officiants
976,oilchange
977,okinawan
978,okonomiyaki
979,oliveoil
980,oncologist
981,onigiri
982,opensandwiches
983,opera
984,opthamalogists
985,opticians
986,optometrists
987,oralsurgeons
988,organdonorservices
989,organic_stores
990,oriental
991,orthodontists
992,orthopedists
993,orthotics
994,osteopathicphysicians
995,osteopaths
996,othersalons
997,otologists
998,ottomancuisine
999,outdoorfurniture
1000,outdoorgear
1001,outdoormovies
1002,outdoorpowerequipmentservices
1003,outlet_stores
1004,oxygenbars
1005,oyakodon
1006,pachinko
1007,packingservices
1008,packingsupplies
1009,paddleboarding
1010,painmanagement
1011,paintandsip
1012,paintball
1013,painters
1014,paintstores
1015,paintyourownpottery
1016,pakistani
1017,palatine
1018,panasian
1019,pancakes
1020,panzerotti
1021,paragliding
1022,parasailing
1023,parentingclasses
1024,parking
1025,parklets
1026,parks
1027,parma
1028,partybikerentals
1029,partybusrentals
1030,partycharacters
1031,partyequipmentrentals
1032,partysupplies
1033,passportvisaservices
1034,pastashops
1035,patentlaw
1036,pathologists
1037,patiocoverings
1038,pawn
1039,paydayloans
1040,payroll
1041,pediatric_dentists
1042,pediatricians
1043,pedicabs
1044,pekinese
1045,pensions
1046,perfume
1047,periodontists
1048,permanentmakeup
1049,persian
1050,personal_injury
1051,personal_shopping
1052,personalassistants
1053,personalcare
1054,personalchefs
1055,peruvian
1056,pest_control
1057,pet_sitting
1058,pet_training
1059,petadoption
1060,petboarding
1061,petbreeders
1062,petcremation
1063,pethospice
1064,petinsurance
1065,petphotography
1066,pets
1067,petservices
1068,petstore
1069,pettingzoos
1070,pettransport
1071,petwasteremoval
1072,pfcomercial
1073,pharmacy
1074,phlebologists
1075,photoboothrentals
1076,photoclasses
1077,photographers
1078,photographystores
1079,physicaltherapy
1080,physicians
1081,piadina
1082,pianobars
1083,pianoservices
1084,pianostores
1085,pickleball
1086,pickyourown
1087,piemonte
1088,piercing
1089,pierogis
1090,pilates
1091,pita
1092,pizza
1093,placentaencapsulation
1094,planetarium
1095,plasticsurgeons
1096,playgrounds
1097,playsets
1098,plumbing
1099,plus_size_fashion
1100,podiatrists
1101,poke
1102,poledancingclasses
1103,policedepartments
1104,polish
1105,polynesian
1106,poolbilliards
1107,poolcleaners
1108,poolhalls
1109,poolservice
1110,popcorn
1111,popuprestaurants
1112,popupshops
1113,portabletoiletservices
1114,portuguese
1115,postoffices
1116,postpartumcare
1117,potatoes
1118,poutineries
1119,powdercoating
1120,prenatal
1121,preschools
1122,pressurewashers
1123,pretzels
1124,preventivemedicine
1125,printmedia
1126,privateinvestigation
1127,privatejetcharter
1128,privateschools
1129,privatetutors
1130,processservers
1131,proctologist
1132,productdesign
1133,professional
1134,propane
1135,propertymgmt
1136,props
1137,prosthetics
1138,prosthodontists
1139,provencal
1140,psychiatrists
1141,psychic_astrology
1142,psychicmediums
1143,psychics
1144,psychoanalysts
1145,psychologists
1146,psychotechnicaltests
1147,psychotherapists
1148,pubfood
1149,publicadjusters
1150,publicart
1151,publicmarkets
1152,publicplazas
1153,publicrelations
1154,publicservicesgovt
1155,publictransport
1156,pubs
1157,pueblan
1158,puertorican
1159,pulmonologist
1160,pulquerias
1161,pumpkinpatches
1162,qigong
1163,races
1164,racetracks
1165,racingexperience
1166,radiologists
1167,radiostations
1168,rafting
1169,ramen
1170,ranches
1171,raw_food
1172,realestate
1173,realestateagents
1174,realestatelawyers
1175,realestatesvcs
1176,record_labels
1177,recording_studios
1178,recreation
1179,recyclingcenter
1180,refinishing
1181,reflexology
1182,registrationservices
1183,registry_office
1184,rehabilitation_center
1185,reiki
1186,religiousitems
1187,religiousorgs
1188,religiousschools
1189,rentfurniture
1190,reproductivehealthservices
1191,reptileshops
1192,residences
1193,resorts
1194,restaurants
1195,reststops
1196,retinaspecialists
1197,retirement_homes
1198,reunion
1199,reupholstery
1200,rhematologists
1201,rhinelandian
1202,ribatejo
1203,riceshop
1204,roadsideassist
1205,robatayaki
1206,rock_climbing
1207,rodeo
1208,rodizios
1209,rolfing
1210,roman
1211,romanian
1212,roofing
1213,roofinspectors
1214,rotisserie_chicken
1215,rugs
1216,rumanian
1217,russian
1218,rv_dealers
1219,rvparks
1220,rvrental
1221,rvrepair
1222,ryokan
1223,safestores
1224,safetyequipment
1225,sailing
1226,sakebars
1227,salad
1228,salumerie
1229,salvadoran
1230,sambaschools
1231,sandblasting
1232,sandwiches
1233,sardinian
1234,saunainstallation
1235,saunas
1236,scandinavian
1237,scandinaviandesign
1238,scavengerhunts
1239,schnitzel
1240,scooterrentals
1241,scootertours
1242,scottish
1243,screen_printing_tshirt_printing
1244,screenprinting
1245,scuba
1246,seafood
1247,seafoodmarkets
1248,seasonaldecorservices
1249,security
1250,securitysystems
1251,selfdefenseclasses
1252,selfstorage
1253,senegalese
1254,seniorcenters
1255,septicservices
1256,serbocroatian
1257,service_stations
1258,servicestations
1259,sessionphotography
1260,sewingalterations
1261,sextherapists
1262,shanghainese
1263,sharedofficespaces
1264,sharedtaxis
1265,shavedice
1266,shavedsnow
1267,shedsandoutdoorstorage
1268,shipping_centers
1269,shoerepair
1270,shoes
1271,shoeshine
1272,shopping
1273,shoppingcenters
1274,shoppingpassages
1275,shredding
1276,shrines
1277,shutters
1278,sicilian
1279,signature_cuisine
1280,signmaking
1281,sikhtemples
1282,silentdisco
1283,singaporean
1284,skate_parks
1285,skateshops
1286,skatingrinks
1287,skiing
1288,skillednursing
1289,skincare
1290,skiresorts
1291,skischools
1292,skishops
1293,skydiving
1294,sledding
1295,sleepspecialists
1296,sleepwear
1297,slovakian
1298,smog_check_stations
1299,smokehouse
1300,smokingareas
1301,snorkeling
1302,snowremoval
1303,snuggleservices
1304,soba
1305,social_clubs
1306,socialsecuritylaw
1307,softwaredevelopment
1308,solarinstallation
1309,solarpanelcleaning
1310,somali
1311,sommelierservices
1312,sophrologists
1313,soulfood
1314,soup
1315,southafrican
1316,southern
1317,souvenirs
1318,spanish
1319,spas
1320,speakeasies
1321,specialbikes
1322,specialed
1323,specialtyschools
1324,speech_therapists
1325,speechtraining
1326,spermclinic
1327,spinclasses
1328,spinesurgeons
1329,spiritism
1330,spiritual_shop
1331,sport_equipment_hire
1332,sportgoods
1333,sports_clubs
1334,sportsbars
1335,sportsbetting
1336,sportsmed
1337,sportspsychologists
1338,sportsteams
1339,sportswear
1340,spraytanning
1341,squash
1342,srilankan
1343,stadiumsarenas
1344,stationery
1345,steak
1346,stereo_installation
1347,stockings
1348,stonemasons
1349,streetart
1350,streetvendors
1351,stripclubs
1352,stripteasedancers
1353,structuralengineers
1354,stucco
1355,studiotaping
1356,sud_ouest
1357,sugaring
1358,sugarshacks
1359,sukiyaki
1360,summer_camps
1361,sunglasses
1362,supperclubs
1363,suppliesrestaurant
1364,surfing
1365,surflifesaving
1366,surfschools
1367,surfshop
1368,surgeons
1369,sushi
1370,swabian
1371,swedish
1372,swimminglessons
1373,swimmingpools
1374,swimwear
1375,swissfood
1376,synagogues
1377,syrian
1378,szechuan
1379,tabac
1380,tabernas
1381,tablaoflamenco
1382,tabletopgames
1383,tableware
1384,tacos
1385,taekwondo
1386,taichi
1387,taiwanese
1388,taiyaki
1389,takoyaki
1390,talentagencies
1391,tamales
1392,tanning
1393,tanningbeds
1394,taoisttemples
1395,tapas
1396,tapasmallplates
1397,tastingclasses
1398,tattoo
1399,tattooremoval
1400,tavolacalda
1401,taxidermy
1402,taxis
1403,taxlaw
1404,taxoffice
1405,taxservices
1406,tcm
1407,tea
1408,teachersupplies
1409,teambuilding
1410,teethwhitening
1411,telecommunications
1412,televisionserviceproviders
1413,televisionstations
1414,tempura
1415,tenantlaw
1416,tennis
1417,teochew
1418,teppanyaki
1419,testprep
1420,tex-mex
1421,thai
1422,theater
1423,themedcafes
1424,threadingservices
1425,thrift_stores
1426,tickets
1427,ticketsales
1428,tikibars
1429,tiling
1430,tires
1431,titleloans
1432,tobaccoshops
1433,tofu
1434,tonkatsu
1435,torshi
1436,tortillas
1437,tours
1438,towing
1439,towncarservice
1440,townhall
1441,toxicologists
1442,toys
1443,tradamerican
1444,tradclothing
1445,tradefairs
1446,traditional_swedish
1447,trafficschools
1448,trafficticketinglaw
1449,trailerdealers
1450,trailerrental
1451,trailerrepair
1452,trains
1453,trainstations
1454,trampoline
1455,translationservices
1456,transmissionrepair
1457,transport
1458,tras_os_montes
1459,trattorie
1460,travelagents
1461,travelservices
1462,treeservices
1463,trinidadian
1464,triviahosts
1465,trophyshops
1466,tropicalmedicine
1467,truck_rental
1468,truckdealers
1469,truckrepair
1470,tubing
1471,tuina
1472,turkish
1473,turkishravioli
1474,tuscan
1475,tutoring
1476,tvmounting
1477,udon
1478,ukrainian
1479,ultrasoundimagingcenters
1480,unagi
1481,underseamedicine
1482,uniforms
1483,university_housing
1484,unofficialyelpevents
1485,urgent_care
1486,urologists
1487,usedbooks
1488,usedcardealers
1489,utilities
1490,uzbek
1491,vacation_rentals
1492,vacationrentalagents
1493,valetservices
1494,vapeshops
1495,vascularmedicine
1496,vegan
1497,vegetarian
1498,vehicleshipping
1499,vehiclewraps
1500,venetian
1501,venezuelan
1502,venison
1503,venues
1504,vermouthbars
1505,vet
1506,veteransorganizations
1507,videoandgames
1508,videofilmproductions
1509,videogamestores
1510,videographers
1511,vietnamese
1512,vintage
1513,vinyl_records
1514,vinylsiding
1515,virtualrealitycenters
1516,visitorcenters
1517,vitaminssupplements
1518,vocalcoach
1519,vocation
1520,volleyball
1521,waffles
1522,waldorfschools
1523,walkinclinics
1524,walkingtours
1525,wallpapering
1526,watch_repair
1527,watches
1528,waterdelivery
1529,waterheaterinstallrepair
1530,waterparks
1531,waterproofing
1532,waterpurification
1533,waterstores
1534,watersuppliers
1535,watertaxis
1536,waxing
1537,web_design
1538,wedding_planning
1539,weddingchappels
1540,weightlosscenters
1541,welldrilling
1542,westernjapanese
1543,whalewatchingtours
1544,wheelrimrepair
1545,whiskeybars
1546,wholesale_stores
1547,wholesalers
1548,wigs
1549,wildlifecontrol
1550,wildlifehunting
1551,willstrustsprobates
1552,windowsinstallation
1553,windowwashing
1554,windshieldinstallrepair
1555,wine_bars
1556,wineries
1557,winetasteclasses
1558,winetastingroom
1559,winetours
1560,wok
1561,womenscloth
1562,workerscomplaw
1563,wraps
1564,xmasmarkets
1565,yakiniku
1566,yakitori
1567,yelpevents
1568,yoga
1569,youth_club
1570,yucatan
1571,yugoslav
1572,zapiekanka
1573,zipline
1574,zoos
1575,zorbing
